tag id,miRDeep2 score,estimated probability that the miRNA is a true positive,rfam alert,total read count,mature read count,loop read count,star read count,significant randfold p-value,mature miRBase miRNA,example miRBase miRNA with the same seed,UCSC browser,NCBI blastn,consensus mature sequence,consensus star sequence,consensus precursor sequence,precursor coordinate,Overhang on 3' end,Mature sequence 5' homogeneity,Expression of both arms,Complementarity between arms,Loop sequence length,Notes
Ap1_8664,-2.7,57 +/- 6%,-,1,1,0,0,yes,Cluster_4754.mature::chromosome_13:36030297-36030318(+)::Astrangia_poculata,-,-,-,aaagaaagcccugaccaccu,gugguaggggguuucuuugu,aaagaaagcccugaccaccuucucuuaaugugagggugguaggggguuucuuugu,Ap1:36030296..36030351:+,2,100%,No,16,15,
Ap1_9004,-2.9,57 +/- 6%,-,2,2,0,0,yes,Cluster_4646.mature::chromosome_13:25927789-25927810(-)::Astrangia_poculata,-,-,-,ucagucgcugcaauuucauuacg,uagugaaauuguagcggcuuaua,uagugaaauuguagcggcuuauauugacuaucagucgcugcaauuucauuacg,Ap1:25927757..25927810:-,2,100%,No,20,7,
Ap1_9162,0.3,60 +/- 13%,-,19,19,0,0,yes,Cluster_4831.mature::chromosome_13:39611502-39611523(-)::Astrangia_poculata,-,-,-,cagaaagagaaugaacaccagag,uugguguccaucuucuaucuaac,uugguguccaucuucuaucuaacuguuguugucagaaagagaaugaacaccagag,Ap1:39611469..39611524:-,2,52%,No,17,9,
Ap13_6572,0.4,60 +/- 13%,-,8,8,0,0,yes,Cluster_3406.mature::chromosome_11:4453838-4453859(+)::Astrangia_poculata,-,-,-,gacuccacuauucacuaacug,guuagugaauaauggauucuc,gacuccacuauucacuaacuguuuuuaacaguuagugaauaauggauucuc,Ap13:4453837..4453888:+,2,75%,No,17,9,
Ap3_2119,17.3,0 +/- 0%,-,31,16,0,15,yes,Cluster_995.mature::chromosome_4:21646399-21646420(-)::Astrangia_poculata,-,-,-,uggcuuggaguucuagugauuga,uucacugaacuccaaaccug,uggcuuggaguucuagugauugauucacugauucacugaacuccaaaccug,Ap3:21643422..21643473:-,,,,,,
Ap3_2122,-0.3,43 +/- 11%,-,6,6,0,0,yes,Cluster_996.mature::chromosome_4:21646992-21647012(-)::Astrangia_poculata,-,-,-,cugaacuccaaacaugauuu,auuuuguuuggaguuccagug,auuuuguuuggaguuccaguguuuuaugcacugaacuccaaacaugauuu,Ap3:21646991..21647041:-,,,,,,
Ap3_2123,-3.2,56 +/- 5%,-,1,1,0,0,yes,Cluster_998.mature::chromosome_4:21649594-21649614(-)::Astrangia_poculata,-,-,-,uaugguuuggaguuucagu,uaaacuccaaacuauucu,uaugguuuggaguuucaguguuuuaugcgcuaaacuccaaacuauucu,Ap3:21649566..21649614:-,,,,,,
Ap3_2125,17.3,0 +/- 0%,-,31,16,0,15,yes,Cluster_995.mature::chromosome_4:21646399-21646420(-)::Astrangia_poculata,-,-,-,uggcuuggaguucuagugauuga,uucacugaacuccaaaccug,uggcuuggaguucuagugauugauucacugauucacugaacuccaaaccug,Ap3:21652227..21652278:-,,,,,,
Ap4_11081,2.2,91 +/- 10%,-,26,26,0,0,yes,Cluster_9205.mature::chromosome_14:53448698-53448719(-)::Astrangia_poculata,-,-,-,uuaaagacggaucugcacccu,cgaugcagauccgucuuugaau,uuaaagacggaucugcacccuuuuuuaagacgaugcagauccgucuuugaau,Ap4:53439652..53439704:-,,,,,,
Ap4_11083,2.6,91 +/- 10%,-,26,26,0,0,yes,Cluster_9205.mature::chromosome_14:53448698-53448719(-)::Astrangia_poculata,-,-,-,uuaaagacggaucugcacccu,ggugcagauccgucuuugaau,uuaaagacggaucugcacccuuuuuuaagagggugcagauccgucuuugaau,Ap4:53448667..53448719:-,,,,,,
Ap4_9951,-3,57 +/- 6%,-,1,1,0,0,yes,Cluster_8986.mature::chromosome_14:39292029-39292050(+)::Astrangia_poculata,-,-,-,uguacauagacauguagc,uacauguacauguacaug,uacauguacauguacauguucgacauguacauagacauguagc,Ap4:39292003..39292046:+,,,,,,
Ap5_3052,-0.2,43 +/- 11%,-,6,6,0,0,yes,Cluster_1452.mature::chromosome_6:9195277-9195298(+)::Astrangia_poculata,-,-,-,auuacgucuagaacacugaaaga,uuuggguguucuagacgugaucg,auuacgucuagaacacugaaagauucaaucuuuggguguucuagacgugaucg,Ap5:9195246..9195299:+,,,,,,
Ap8_4149,2.4,91 +/- 10%,-,1527,1527,0,0,yes,ola-miR-100,-,-,-,acccguagauccgaacuugugg,acaaguucggcuccauggucca,acccguagauccgaacuugugggauuuuucuccacaaguucggcuccauggucca,Ap8:21599195..21599250:-,,,,,,
Ap8_4236,-3.1,56 +/- 5%,-,1,1,0,0,yes,Cluster_2073.mature::chromosome_7:28589915-28589936(-)::Astrangia_poculata,-,-,-,guuaggauuauuguugcucaca,ucaacaacaauaauccuuacac,ucaacaacaauaauccuuacacuucaaggguuaggauuauuguugcucaca,Ap8:28589751..28589802:-,,,,,,
Ap8_4238,-2.9,57 +/- 6%,-,1,1,0,0,yes,Cluster_2073.mature::chromosome_7:28589915-28589936(-)::Astrangia_poculata,-,-,-,guuaggauuauuguugcucaca,ucaacaacaauaauccuaacac,ucaacaacaauaauccuaacacuucaaggguuaggauuauuguugcucaca,Ap8:28589914..28589965:-,,,,,,
Ap9_4275,-8,0 +/- 0%,-,1,1,0,0,yes,Cluster_2097.mature::chromosome_8:223863-223884(+)::Astrangia_poculata,-,-,-,uugucuuuuuccaucguucucu,uggacaauggcaaaguacaauu,uggacaauggcaaaguacaauuuuaaauugucuuuuuccaucguucucu,Ap9:223835..223884:+,,,,,,