provisional id,miRDeep2 score,estimated probability that the miRNA candidate is a true positive,rfam alert,total read count,mature read count,loop read count,star read count,significant randfold p-value,miRBase miRNA,example miRBase miRNA with the same seed,UCSC browser,NCBI blastn,consensus mature sequence,consensus star sequence,consensus precursor sequence,precursor coordinate,Overhang on 3' end,Mature sequence 5' homogeneity,Expression of both arms,Complementarity between arms,Loop sequence length,Notes
Ap1_9124,1.8,87 +/- 8%,-,76,76,0,0,yes,-,-,-,-,aggucggggguucgaaucc,cgucgaacuugaaauca,cgucgaacuugaaaucagaucuucggaacugaggucggggguucgaaucc,Ap1:35744825..35744875:-,4,86%,No,12,14,
Ap10_545,1.7,87 +/- 8%,-,82,82,0,0,yes,-,-,-,-,guucaaauccugcucccu,ggcacuggacuuuaaaucu,ggcacuggacuuuaaaucuggauaucccggguucaaauccugcucccu,Ap10:8145869..8145917:+,4,100%,No,13,11,
Ap11_1,1.7,87 +/- 8%,-,10,10,0,0,yes,-,-,-,-,uaagacucugaggauggaauggcu,ccuuccuucuucaaggucuuaca,ccuuccuucuucaaggucuuacauuuuuuguaagacucugaggauggaauggcu,Ap11:70463..70517:+,2,100%,No,19,7,
Ap12_2754,2.7,91 +/- 10%,-,5,4,0,1,yes,-,-,-,-,ugucacuaucuacuugaauug,auuucaaguagauaguccacagc,auuucaaguagauaguccacagccuuuaacccugucacuaucuacuugaauug,Ap12:13785429..13785482:-,3,100%,Yes,17,9,
Ap12_2756,6.6,82 +/- 32%,-,12,4,0,8,yes,-,-,-,-,ugucacuaucuacuugaauug,uuugcaaguagauagucac,uuugcaaguagauagucacagccuuuaacccugucacuaucuacuugaauug,Ap12:13785737..13785789:-,5,100%,Yes,16,9,Likely the same as Ap12_2758
Ap12_2758,6.6,82 +/- 32%,-,12,4,0,8,yes,-,-,-,-,ugucacuaucuacuugaauug,uuugcaaguagauagucac,uuugcaaguagauagucacagccuuuaacccugucacuaucuacuugaauug,Ap12:13785889..13785941:-,5,100%,Yes,16,9,Likely the same as Ap12_2756
Ap12_2812,1.4,87 +/- 8%,-,30,30,0,0,yes,-,-,-,-,cccccccccgcggacgcu,gggagccauguggggggaacaa,gggagccauguggggggaacaaaaaauucacccccccccccccgcggacgcu,Ap12:17054474..17054526:-,0,73%,No,12,12,
Ap12_2858,0,60 +/- 13%,-,6,6,0,0,yes,-,-,-,-,uuucucgguguuuggaacccc,gguuccaaacaccucgaaaca,gguuccaaacaccucgaaacaauaaaagcacuccgccuucggcgucgugcuuucaucuguuucucgguguuuggaacccc,Ap12:21653219..21653299:-,2,100%,No,17,35,
Ap12_2876,2.2,91 +/- 10%,-,12,12,0,0,yes,-,-,-,-,guucgacuccugcugggag,gccuacuggagucgaacug,gccuacuggagucgaacugaugauuugaucaauuaaggguucgacuccugcugggag,Ap12:23860826..23860883:-,2,100%,No,15,19,
Ap12_2943,0.7,60 +/- 13%,-,2,1,0,1,yes,-,-,-,-,cauggguugguuacugcu,gguaaacaacugugauguc,cauggguugguuacugcuuacucacguaaaugguaaacaacugugauguc,Ap12:28967175..28967225:-,8,100%,Yes,11,12,
Ap13_6802,0,60 +/- 13%,-,8,8,0,0,yes,-,-,-,-,gaugagcccgcguuggaua,uccaacaaggacgaauaga,gaugagcccgcguuggauacgaguuggcuauaaugacucguauccaacaaggacgaauaga,Ap13:27733589..27733650:+,3,63%,No,13,23,
Ap13_6940,2.1,91 +/- 10%,-,381,381,0,0,yes,-,-,-,-,guucgaauccaccucccu,gacgcuggacuuguaaucc,gacgcuggacuuguaauccgaaggccccggguucgaauccaccucccu,Ap13:7843501..7843549:-,3,99%,No,15,11,
Ap14_1274,2.4,91 +/- 10%,-,12,12,0,0,yes,-,-,-,-,auagagacaacagaauacugcu,cuguguucuguugucuuuauaa,auagagacaacagaauacugcuuugacggcuguguucuguugucuuuauaa,Ap14:12685835..12685886:+,2,83%,No,19,7,
Ap14_1326,0.6,60 +/- 13%,-,19,19,0,0,yes,-,-,-,-,auuauagcgauggggcucaccu,augagccugcgucgcagacguaa,auuauagcgauggggcucaccuagaaugaugagccugcgucgcagacguaa,Ap14:15513948..15513999:+,8,55%,Yes,13,6,
Ap2_7786,2.2,91 +/- 10%,-,73,73,0,0,yes,-,-,-,-,guucgaguccuggucggg,cgacuccgagucgaacgg,cgacuccgagucgaacggcccggguucgaguccuggucggg,Ap2:3576197..3576238:-,2,100%,No,13,5,
Ap3_1613,1.5,87 +/- 8%,-,87,87,0,0,yes,-,-,-,-,ucaagucuaggcugguuaguc,cuauaccaacauaggcuuuuca,cuauaccaacauaggcuuuucauguuuauuuugucaagucuaggcugguuaguc,Ap3:1651020..1651074:+,2,100%,No,15,11,
Ap5_3402,3,84 +/- 23%,-,14,14,0,0,yes,-,-,-,-,gguucgauucccguugggac,ccccgaaucgaaccca,ccccgaaucgaacccauggccucaacccuaaccgguaucugggaggccauggguucgauucccguugggac,Ap5:7994217..7994288:-,2,100%,No,13,34,
Ap6_5786,1.3,87 +/- 8%,-,19,19,0,0,yes,-,-,-,-,aggucgggaguucgaauc,uucgaauccugagccuuu,aggucgggaguucgaauccggcuaggguuuuuuuuucuuuuuuuuuuuguggguucgaauccugagccuuu,Ap6:9550585..9550656:+,2,84%,No,15,35,
Ap6_6520,2,91 +/- 10%,-,18,18,0,0,yes,-,-,-,-,uaaaccuucugaacuuaaugagg,ccauuaaguuaaggagauuuaaa,ccauuaaguuaaggagauuuaaauuuaauuuuaaaccuucugaacuuaaugagg,Ap6:33589078..33589132:-,3,94%,No,18,8,
Ap7_5058,1.6,87 +/- 8%,-,6,4,0,2,yes,-,-,-,-,augcuguguuaaugacuuagaggc,ccuuuuucauugauacacacaacu,augcuguguuaaugacuuagaggcaggagauuauuaauuuuucuaugauugccuuuuucauugauacacacaacu,Ap7:17388191..17388266:+,5,50%,Yes,18,22,
Ap7_5366,1.5,87 +/- 8%,-,541,541,0,0,yes,-,-,-,-,guucgaaucucguuuucc,aaaaugaaauggaaguu,aaaaugaaauggaaguucuaauuccguuuuccaaagucguuggaaaacggaaacgaaaugggaaguucgaaucucguuuucc,Ap7:12897717..12897799:-,2,100%,No,13,41,
Ap8_4006,1.2,87 +/- 8%,-,12,12,0,0,yes,-,-,-,-,uucaagagcugagauuaagucgccu,gugcuuaaucuuggacuugaaua,gugcuuaaucuuggacuugaauauuuaauauucaagagcugagauuaagucgccu,Ap8:4792666..4792721:-,2,100%,No,20,7,
Ap9_4726,1.4,87 +/- 8%,-,11,11,0,0,yes,-,-,-,-,gaggucggggguucgagucc,cgucgaacuuaaaaucag,cgucgaacuuaaaaucagaucuucgggacugaggucggggguucgagucc,Ap9:13895990..13896040:-,4,55%,No,12,11,