tag id,miRDeep2 score,estimated probability that the miRNA is a true positive,rfam alert,total read count,mature read count,loop read count,star read count,significant randfold p-value,mature miRBase miRNA,example miRBase miRNA with the same seed,UCSC browser,NCBI blastn,consensus mature sequence,consensus star sequence,consensus precursor sequence,precursor coordinate
chr5_6643,540.9,91 +/- 6%,-,1057,1053,0,4,yes,ami-miR-P-novel-28-5p_Acropora_millepora_Praher_et_al._2021_NA,-,-,-,uaugagaccguuugccaauguu,cauuggcaaacggucucauau,cauuggcaaacggucucauauaaauuuuauaugagaccguuugccaauguu,chr5:26110299..26110350:+
chr5_8026,540.9,91 +/- 6%,-,1057,1053,0,4,yes,ami-miR-P-novel-28-5p_Acropora_millepora_Praher_et_al._2021_NA,-,-,-,uaugagaccguuugccaauguu,cauuggcaaacggucucauau,cauuggcaaacggucucauauaaaauuuauaugagaccguuugccaauguu,chr5:26110297..26110348:-
chr12_16969,96.3,91 +/- 6%,-,186,166,0,20,yes,Cluster_14402.mature::ptg000023l:18708925-18708946(+)::Acropora_pulchra,-,-,-,auucgucucuuguauuuuccugg,acgaaaauacaagugacuggugg,auucgucucuuguauuuuccugguauauaccacgaaaauacaagugacuggugg,chr12:18218634..18218688:-
chr2_2304,76.3,91 +/- 6%,-,148,144,0,4,yes,Cluster_5899.mature::ptg000009l:616336-616357(-)::Acropora_pulchra,-,-,-,ucugcguuaucggugaaauugu,auuucacuagaugagcgcuaac,auuucacuagaugagcgcuaacuguuauuguucugcguuaucggugaaauugu,chr2:554762..554815:-
chr2_2306,75.6,91 +/- 6%,-,149,144,0,5,yes,Cluster_5900.mature::ptg000009l:616601-616622(-)::Acropora_pulchra,-,-,-,ucugcguuaucggugaaauugu,auuucacuagauaagcgcuaac,auuucacuagauaagcgcuaacuguuauuguucugcguuaucggugaaauugu,chr2:555058..555111:-
chr10_14116,43.9,91 +/- 6%,-,87,86,0,1,yes,ami-miR-P-novel-13-3p_Acropora_millepora_Praher_et_al._2021_NA,-,-,-,caaggaggaagcaugauacgua,cgcaucauguuucccucuuuau,cgcaucauguuucccucuuuauuuuaaaucaaggaggaagcaugauacgua,chr10:10461356..10461407:-
chr13_18513,35.3,91 +/- 6%,-,65,35,0,30,yes,Adi-MiR-G-Novel-17_5p*_Acropora_digitifera__Praher_et_al._2021_NA,-,-,-,acuugaaugcgaggcucauuagu,uaaugagccucgcauucaagucc,acuugaaugcgaggcucauuagucgucacgacuaaugagccucgcauucaagucc,chr13:5394431..5394486:-
chr13_17756,35.2,91 +/- 6%,-,65,35,0,30,yes,Adi-MiR-G-Novel-17_5p*_Acropora_digitifera__Praher_et_al._2021_NA,-,-,-,acuugaaugcgaggcucauuagu,uaaugagccucgcauucaagucc,acuugaaugcgaggcucauuagucgugacgacuaaugagccucgcauucaagucc,chr13:5394433..5394488:+
chr4_4028,33.5,91 +/- 6%,-,64,28,0,36,yes,Cluster_10057.mature::ptg000016l:8599884-8599905(-)::Acropora_pulchra,-,-,-,cauggcagcuaugaacaucacu,uaauguucgcaacugccuug,cauggcagcuaugaacaucacuuuugagcaguaauguucgcaacugccuug,chr4:4042784..4042835:+
chr12_16053,30.9,91 +/- 6%,-,60,48,0,12,yes,Cluster_3250.mature::ptg000002l:7337560-7337581(+)::Acropora_pulchra,-,-,-,ucauaacagugaggaccauucu,aaugaucccugcucuuaugaaug,aaugaucccugcucuuaugaauguaauuagguucauaacagugaggaccauucu,chr12:6363543..6363597:+
chr13_18742,20.5,91 +/- 6%,-,37,35,0,2,yes,miR-2030_Nematostella_vectensis_Moran_et_al._2014_NA,-,-,-,ucucuuacauuguugugcugcc,uagcauaacauuguaagagaucu,uagcauaacauuguaagagaucuuuaaaggucucuuacauuguugugcugcc,chr13:15630141..15630193:-
chr9_11862,19.7,91 +/- 6%,-,35,23,0,12,yes,Adi-Mir-Novel-4_3p*_Acropora_digitifera_Gajigan_&_Conaco_2017_NA,-,-,-,uugguagagagaaaugacaaaau,uuuguuauuucucucuaccaac,uugguagagagaaaugacaaaauuuuuguuauuauuuuguuauuucucucuaccaac,chr9:3427262..3427319:+
chr4_4010,11.6,91 +/- 6%,-,20,19,0,1,yes,Cluster_10093.mature::ptg000016l:11751407-11751428(-)::Acropora_pulchra,-,-,-,agugcacuuuucucaggaug,ucuugagaaaauuucaccca,agugcacuuuucucaggaugaauugaauucuucuugagaaaauuucaccca,chr4:1137706..1137757:+
chr12_16031,2.4,94 +/- 3%,-,177,165,0,12,yes,adi-miR-P-novel-5-3p_Acropora_digitifera__Praher_et_al._2021_NA,-,-,-,uucaaugcaaaacaagucagguac,uaacuuguuuugcauuguauc,uaacuuguuuugcauuguaucuuaaagauucaaugcaaaacaagucagguac,chr12:5648276..5648328:+
chr7_10531,2.4,94 +/- 3%,-,99,99,0,0,yes,Cluster_1832.mature::ntLink_6:5157559-5157579(+)::Acropora_pulchra,-,-,-,aaauguuucggcuuguuccc,uaacaagccgaagcauuuaa,aaauguuucggcuuguucccguuuucgguaacaagccgaagcauuuaa,chr7:26260214..26260262:-
chr1_750,2.3,94 +/- 3%,-,2347,2347,0,0,yes,ami-nve-F-miR-100-5p_Acropora_millepora_Praher_et_al._2021_NA,-,-,-,ucccguagauccgaacuugugg,acaaguucgucucuaugguuua,ucccguagauccgaacuuguggguuuucuuccacaaguucgucucuaugguuua,chr1:29583594..29583648:+
chr2_1879,2.2,94 +/- 3%,-,305,305,0,0,yes,ami-miR-P-novel-23-3p_Acropora_millepora_Praher_et_al._2021_NA,-,-,-,uauggguugacagucgacgguc,cugacgacuguugcgccauugc,cugacgacuguugcgccauugcuugaacgacuauggguugacagucgacgguc,chr2:18098749..18098802:+
chr7_9921,2,94 +/- 3%,-,119,117,0,2,yes,ami-miR-P-novel-8-3p_Acropora_millepora_Praher_et_al._2021_NA,-,-,-,acugcagcuaaauacuccgcug,ucuuuagccgcaauauuuaug,ucuuuagccgcaauauuuaugauacugcagcuaaauacuccgcug,chr7:18674945..18674990:+
chr3_3327,2,94 +/- 3%,-,13,9,0,4,yes,Cluster_1783.mature::Pocillopora_meandrina_HIv1___Sc0000005:601625-601646(+)::Pocillopora_meandrina,-,-,-,aaagaaguacaagugguagggau,ugcuacuuggacuuuuuuc,ugcuacuuggacuuuuuucacguuuaucgaugaaagaaguacaagugguagggau,chr3:16521931..16521986:+
chr6_8573,2,94 +/- 3%,-,569,569,0,0,yes,adi-miR-P-novel-1-3p_Acropora_digitifera__Praher_et_al._2021_NA,-,-,-,uuaacgaguagauaaaugaagaga,ucuucguuuauucacucguucaua,ucuucguuuauucacucguucauauuuauuauuaacgaguagauaaaugaagaga,chr6:16866544..16866599:+
chr8_11753,1.9,92 +/- 3%,-,13,13,0,0,yes,miR-9425_Nematostella_vectensis_Moran_et_al._2014_NA,-,-,-,aagaacacccaaaauagcugagga,cugcuauauugaguguucuaac,aagaacacccaaaauagcugaggauuuuguuuccugcuauauugaguguucuaac,chr8:22490788..22490843:-
chr1_1522,1.9,92 +/- 3%,-,54,54,0,0,yes,Cluster_18711.mature::ptg000035l:4339600-4339621(-)::Acropora_pulchra,-,-,-,auugauuguagacaagccu,uauugucuaugaucaaaaa,uauugucuaugaucaaaaauuuuauuauugauuguagacaagccu,chr1:28560659..28560704:-
chr5_8032,1.8,92 +/- 3%,-,83,83,0,0,yes,adi-miR-P-novel-2-3p_Acropora_digitifera__Praher_et_al._2021_NA,-,-,-,ucuggcaguauguuauuuuucc,aauguaagauacugccaugca,aauguaagauacugccaugcauuuagugucuggcaguauguuauuuuucc,chr5:26687512..26687562:-
chr14_21190,1.7,92 +/- 3%,-,50,50,0,0,yes,adi-ami-miR-P-novel-9-3p_Acropora_digitifera__Praher_et_al._2021_NA,-,-,-,aaaaauuucguuucagggcca,gccuaugaagcgaaauuuuuuu,gccuaugaagcgaaauuuuuuuauuagauauuaaaaaauuucguuucagggcca,chr14:21539342..21539396:-
chr7_10135,1.7,92 +/- 3%,-,122,122,0,0,yes,Cluster_10207.mature::ptg000017l:6375014-6375034(-)::Acropora_pulchra,-,-,-,uaggcguauuuccgauuguccu,gacagccggaacuacgucuguc,uaggcguauuuccgauuguccuuuuacuacgacagccggaacuacgucuguc,chr7:6090466..6090518:-
chr9_12513,1.5,92 +/- 3%,-,114,114,0,0,yes,Cluster_15928.mature::ptg000025l:15156437-15156458(+)::Acropora_pulchra,-,-,-,uuaccacauucaggauag,agccugaaugagguaaua,uuaccacauucaggauagacauguucuauaucuagccugaaugagguaaua,chr9:15059622..15059673:-
chr9_12559,1.3,92 +/- 3%,-,58,58,0,0,yes,ami-miR-P-novel-6-5p_Acropora_millepora_Praher_et_al._2021_NA,-,-,-,ucugccaaucgucagacaaacu,uuuccuggcggucgacagagu,ucugccaaucgucagacaaacuacuuugaugguuuccuggcggucgacagagu,chr9:17934360..17934413:-
chr7_9919,1.1,92 +/- 3%,-,117,117,0,0,yes,ami-miR-P-novel-8-3p_Acropora_millepora_Praher_et_al._2021_NA,-,-,-,acugcagcuaaauacuccgcug,gcggggucuuaagccgcaauau,gcggggucuuaagccgcaauauuuaugauacugcagcuaaauacuccgcug,chr7:18674643..18674694:+
chr7_9924,0.6,81 +/- 3%,-,8,7,0,1,yes,ami-miR-P-novel-4-5p_Acropora_millepora_Praher_et_al._2021_NA,-,-,-,aaaaaugucgguugcuuaagcu,caagcacacgacguuuuugagcc,aaaaaugucgguugcuuaagcucucuaauagugagcucaagcacacgacguuuuugagcc,chr7:18677403..18677463:+
chr2_2368,-0.8,66 +/- 4%,-,5,5,0,0,yes,Adi-Mir-Novel-5_3p_Acropora_digitifera_Gajigan_&_Conaco_2017_NA,-,-,-,caagugagagaagguuagugugg,acgcuaaccugcuuucacuucca,acgcuaaccugcuuucacuuccauuuaaugcaagugagagaagguuagugugg,chr2:4989843..4989896:-
chr9_12598,-1.5,53 +/- 4%,-,5,5,0,0,yes,Cluster_15851.mature::ptg000025l:10501052-10501073(+)::Acropora_pulchra,-,-,-,uuuuugugauguucgucaau,ugaugagcacaacaaaaggu,ugaugagcacaacaaaaggucuaugggcacuuuuugugauguucgucaau,chr9:19292792..19292842:-
chr6_9426,-3.4,20 +/- 4%,-,1,1,0,0,yes,ami-miR-P-novel-3-3p_Acropora_millepora_Praher_et_al._2021_NA,-,-,-,ugaucucugcaauagccugccu,uuugguuagugcagaggucauu,uuugguuagugcagaggucauuguuauugaugaucucugcaauagccugccu,chr6:25110106..25110158:-
chr9_11945,-6.9,0 +/- 0%,-,116,116,0,0,no,bta-miR-2478,-,-,-,ucguaucccacuucugacacca,guguccuagugauccggug,guguccuagugauccggugaucuucguaucccacuucugacacca,chr9:10323723..10323768:+