provisional id,miRDeep2 score,estimated probability that the miRNA candidate is a true positive,rfam alert,total read count,mature read count,loop read count,star read count,significant randfold p-value,miRBase miRNA,example miRBase miRNA with the same seed,UCSC browser,NCBI blastn,consensus mature sequence,consensus star sequence,consensus precursor sequence,precursor coordinate
chr2_2465,9239.5,91 +/- 6%,-,18123,18101,0,22,yes,-,-,-,-,ucugaagauuccagucaccagu,cggucacugcaaucuucaguucg,ucugaagauuccagucaccaguaucugaccggucacugcaaucuucaguucg,chr2:11096611..11096663:-
chr2_2451,9234.4,91 +/- 6%,-,18113,18101,0,12,yes,-,-,-,-,ucugaagauuccagucaccagu,ccggucacugcaaucuacaguuc,ucugaagauuccagucaccaguaucugaccggucacugcaaucuacaguuc,chr2:11091220..11091271:-
chr2_2461,9229.1,91 +/- 6%,-,18104,18092,0,12,yes,-,-,-,-,ucugaagauuccagucaccagu,ccggucacugcaaucuacaguuc,ucugaagauuccagucaccaguaugugaccggucacugcaaucuacaguuc,chr2:11096172..11096223:-
chr3_3984,2036.5,91 +/- 6%,-,3995,3897,0,98,yes,-,-,-,-,aaaaauucuagaaccauacaccu,aaguauggcucucgaauuuucu,aaguauggcucucgaauuuucuaauuauuaaaaaauucuagaaccauacaccu,chr3:26150318..26150371:-
chr7_10529,1950.2,91 +/- 6%,-,3821,3762,0,59,yes,-,-,-,-,aaaucucaaaccucggucuacc,aaggccuggguuugagauuuucc,aaaucucaaaccucggucuaccauauugaccgagcgauagcgaggucaauacagcaaggccuggguuugagauuuucc,chr7:26193090..26193168:-
chr6_8921,888.1,91 +/- 6%,-,1739,1730,0,9,yes,-,-,-,-,uacuuggacagagggaaacccu,aguuacccucccuccauguaaa,uacuuggacagagggaaacccuccuagaagaguuacccucccuccauguaaa,chr6:5719339..5719391:-
chr6_8925,888.1,91 +/- 6%,-,1739,1730,0,9,yes,-,-,-,-,uacuuggacagagggaaacccu,aguuacccucccuccauguaaa,uacuuggacagagggaaacccuccuagaagaguuacccucccuccauguaaa,chr6:5719622..5719674:-
chr6_8923,888,91 +/- 6%,-,1739,1730,0,9,yes,-,-,-,-,uacuuggacagagggaaacccu,aguuacccucccuccauguaaa,uacuuggacagagggaaacccuccuagaagaguuacccucccuccauguaaa,chr6:5719484..5719536:-
chr2_2449,325.9,91 +/- 6%,-,636,634,0,2,yes,-,-,-,-,ucugaagauuccagucuccggu,cgaugacuggaaucuacaguuc,ucugaagauuccagucuccgguaugugaccgaugacuggaaucuacaguuc,chr2:11090975..11091026:-
chr2_2502,249.8,91 +/- 6%,-,487,481,0,6,yes,-,-,-,-,acacugaaaaagacugaugcagg,uguuucaguuuuucucgguguuu,uguuucaguuuuucucgguguuuguuaacaacacugaaaaagacugaugcagg,chr2:15173095..15173148:-
chr7_10528,186.9,91 +/- 6%,-,364,358,0,6,yes,-,-,-,-,uucauucuuugugucaaaagug,acuuuugacaugaaaaaugaacu,acuuuugacaugaaaaaugaacucuuagaguucauucuuugugucaaaagug,chr7:26192885..26192937:-
chr6_8869,126.2,91 +/- 6%,-,249,247,0,2,yes,-,-,-,-,accucuuuggccucaaguucuua,agaauuagaugcuaaggaaauug,accucuuuggccucaaguucuuacuauuaagaauuagaugcuaaggaaauug,chr6:1695420..1695472:-
chr6_8873,125.5,91 +/- 6%,-,249,247,0,2,yes,-,-,-,-,accucuuuggccucaaguucuua,agaauuagaugcuaaggaaauug,accucuuuggccucaaguucuuacuauuaagaauuagaugcuaaggaaauug,chr6:1696821..1696873:-
chr6_8871,123.8,91 +/- 6%,-,249,247,0,2,yes,-,-,-,-,accucuuuggccucaaguucuua,agaauuagaugcuaaggaaauug,accucuuuggccucaaguucuuacuauuaagaauuagaugcuaaggaaauug,chr6:1696006..1696058:-
sc092_23883,92,91 +/- 6%,-,189,184,0,5,no,-,-,-,-,ugcccugugcuguacuccu,ggaagucaggcuggcguag,ugcccugugcuguacuccuggggaagucaggcuggcguag,sc092:35029..35069:-
chr3_3403,88.8,91 +/- 6%,-,173,95,0,78,yes,-,-,-,-,uucuuacauccucucguaccauu,aguacgagaggaaauauagaagu,aguacgagaggaaauauagaaguuuuagauuucuuacauccucucguaccauu,chr3:22216519..22216572:+
chr9_12497,79.2,91 +/- 6%,-,154,140,0,14,yes,-,-,-,-,auuggucuguuggauuguucaucu,acgaacgaacuaacugcccaaacc,auuggucuguuggauuguucaucuuuaacagacgaacgaacuaacugcccaaacc,chr9:13692750..13692805:-
chr4_4283,78.5,91 +/- 6%,-,151,146,0,5,yes,-,-,-,-,gucguccacuuauuucgguug,accggaauauucgggaucaccu,accggaauauucgggaucaccucuagaggucguccacuuauuucgguug,chr4:10840538..10840587:+
chr5_5994,64.2,91 +/- 6%,-,122,119,0,3,yes,-,-,-,-,aauugauugggauacaggagcuu,gcuccuguaucccaaucaaauc,aauugauugggauacaggagcuucugagaagcuccuguaucccaaucaaauc,chr5:10020632..10020684:+
chr3_3410,58.2,91 +/- 6%,-,115,78,0,37,yes,-,-,-,-,aguacgagaggaaauauagaagu,uucuuacucccucucauaccauc,aguacgagaggaaauauagaaguuuuagauuucuuacucccucucauaccauc,chr3:22217698..22217751:+
chr4_5116,51.3,91 +/- 6%,-,97,92,0,5,yes,-,-,-,-,gugguccccuuauuucgguug,accggaauauucgggaucaccu,accggaauauucgggaucaccucuggaggugguccccuuauuucgguug,chr4:11921541..11921590:-
chr8_10658,49.6,91 +/- 6%,-,95,90,0,5,yes,-,-,-,-,ucuuugacaaacucccaaauugu,auguggggauuugucaaacc,ucuuugacaaacucccaaauuguauuuagugcaauguggggauuugucaaacc,chr8:4985372..4985425:+
chr4_4013,44.7,91 +/- 6%,-,85,78,0,7,yes,-,-,-,-,ucugagucaauagcccauucgg,ucaucggcuauugacucggagc,ucugagucaauagcccauucggccuucggccucaucggcuauugacucggagc,chr4:1301436..1301489:+
chr5_6646,32.3,91 +/- 6%,-,61,55,0,6,yes,-,-,-,-,uuuugaaugacguuguuguuuu,ugacaaccaacguuauucaaaacc,uuuugaaugacguuguuguuuuauuuaauaugacaaccaacguuauucaaaacc,chr5:26111633..26111687:+
chr11_15051,29.1,91 +/- 6%,-,54,53,0,1,yes,-,-,-,-,agaaaaauagucaugcuacacg,uguagcaugacuauuuuuccc,uguagcaugacuauuuuucccauuaauaagaaaaauagucaugcuacacg,chr11:19079481..19079531:+
chr7_10389,29.1,91 +/- 6%,-,53,38,0,15,yes,-,-,-,-,uugcacauacgcccagcaguug,acugcuggguguaugugcaaug,uugcacauacgcccagcaguuguuuucaacugcuggguguaugugcaaug,chr7:14225986..14226036:-
chr11_15754,29,91 +/- 6%,-,54,53,0,1,yes,-,-,-,-,agaaaaauagucaugcuacacg,uguagcaugacuauuuuuccc,uguagcaugacuauuuuucccauuaauaagaaaaauagucaugcuacacg,chr11:18964610..18964660:-
chr9_12169,24.6,91 +/- 6%,-,45,39,0,6,yes,-,-,-,-,aauuucgucucuucguuauaucu,auauaacgaagagacaaaauauuc,auauaacgaagagacaaaauauucuguucagagaauuucgucucuucguuauaucu,chr9:23471212..23471268:+
chr9_12171,24.6,91 +/- 6%,-,45,39,0,6,yes,-,-,-,-,aauuucgucucuucguuauaucu,auauaacgaagagacaaaauauuc,auauaacgaagagacaaaauauucuguucagagaauuucgucucuucguuauaucu,chr9:23471894..23471950:+
chr8_11573,23.5,91 +/- 6%,-,43,30,0,13,yes,-,-,-,-,ucugagucaauagccuguucgcc,ccucgugggcuauugacucaga,ucugagucaauagccuguucgcccuucggccucgugggcuauugacucaga,chr8:14923707..14923758:-
chr9_12552,19.8,91 +/- 6%,-,35,25,0,10,yes,-,-,-,-,cuagagguagacgagcagacagu,ugucuguucuccuaugucuagag,ugucuguucuccuaugucuagagucgauucgccucuagagguagacgagcagacagu,chr9:17287034..17287091:-
chr6_9457,19.7,91 +/- 6%,-,37,19,0,18,yes,-,-,-,-,ucugauucaguagccuauucga,ucaugggcuauugacucaaagc,ucugauucaguagccuauucgagcuuuggccucaugggcuauugacucaaagc,chr6:29098095..29098148:-
chr2_1716,18.2,91 +/- 6%,-,33,18,0,15,yes,-,-,-,-,ucuaguuuugacgugucugauuaca,uaaucgacgggucaaaucagaca,ucuaguuuugacgugucugauuacaaauguuuguaaucgacgggucaaaucagaca,chr2:5075016..5075072:+
chr2_2456,16.7,91 +/- 6%,-,30,22,0,8,yes,-,-,-,-,cggucacugcaaucuucaguucg,ucugaagauuccagucgccagu,ucugaagauuccagucgccaguaucugaccggucacugcaaucuucaguucg,chr2:11091938..11091990:-
chr1_107,15.7,91 +/- 6%,-,30,26,0,4,yes,-,-,-,-,uuuuuguucgcucggaguaguug,auacucagaccaaacaaaagac,auacucagaccaaacaaaagacaauuauuguuuuuguucgcucggaguaguug,chr1:6861427..6861480:+
chr4_5365,14.5,91 +/- 6%,-,27,24,0,3,yes,-,-,-,-,ucuucgcuguuguuaucuucau,acgguuacggcagcgaaaacuuc,ucuucgcuguuguuaucuucauugcaaugacgguuacggcagcgaaaacuuc,chr4:17390506..17390558:-
chr6_8920,14.3,91 +/- 6%,-,25,16,0,9,yes,-,-,-,-,uacuugggcagagggugacccu,aguuacccucccuccauguaaa,uacuugggcagagggugacccuccuagaagaguuacccucccuccauguaaa,chr6:5717232..5717284:-
chr1_856,13.8,91 +/- 6%,-,27,25,0,2,yes,-,-,-,-,ugauuucggcuaucauuuuggc,aaaaugacaguugaaaauc,aaaaugacaguugaaaaucaucauauuauuuuaugauuucggcuaucauuuuggc,chr1:3679305..3679360:-
chr7_9631,11.6,91 +/- 6%,-,19,10,0,9,yes,-,-,-,-,uacagaaaggacccugggaac,uucccaggguccuuucucuacu,uucccaggguccuuucucuacuucucgaaguacagaaaggacccugggaac,chr7:11074149..11074200:+
chr7_10454,9.8,91 +/- 6%,-,18,16,0,2,yes,-,-,-,-,uuuucaacuuccgucaugauga,uuccugacggaagcugaaaacu,uuccugacggaagcugaaaacucaaauugaauuuuucaacuuccgucaugauga,chr7:19204538..19204592:-
sc002_21289,7.5,90 +/- 6%,-,16,15,0,1,yes,-,-,-,-,cagcugaagaauucgaaag,ucgauuacggucuuuguugc,ucgauuacggucuuuguugcugccauuuuaccuucacuguucauguucguugcaucucgagauggcagcugaagaauucgaaag,sc002:745689..745773:+
chr6_8241,6.5,91 +/- 5%,-,9,8,0,1,yes,-,-,-,-,uaaaaugagcuguaugacaca,ugucauacagcccauuuuacaau,ugucauacagcccauuuuacaauaaugauuauuguaaaaugagcuguaugacaca,chr6:3608806..3608861:+
chr14_20366,6.4,91 +/- 5%,-,9,6,0,3,yes,-,-,-,-,uacgagcuuuuaauuuggaaaca,uuccaaauuaaaagcucguau,uuccaaauuaaaagcucguauaauuauuauacgagcuuuuaauuuggaaaca,chr14:9586917..9586969:-
chr5_8156,6.4,91 +/- 5%,-,9,7,0,2,yes,-,-,-,-,gucaugugugacuugugcaug,ugcacaagucacacaugacca,ugcacaagucacacaugaccaaacgucaugugugacuugugcaug,chr5:32079133..32079178:-
chr14_19169,6.3,91 +/- 5%,-,9,6,0,3,yes,-,-,-,-,uacgagcuuuuaauuuggaaaca,uuccaaauuaaaagcucguau,uuccaaauuaaaagcucguauaauaauuauacgagcuuuuaauuuggaaaca,chr14:9586920..9586972:+
chr11_15104,6,91 +/- 5%,-,9,7,0,2,yes,-,-,-,-,uuuuucuuugaguuuucagcu,gcugaacacaagaagagaaauu,uuuuucuuugaguuuucagcucgauauugagcugaacacaagaagagaaauu,chr11:21715150..21715202:+
chr11_15413,4.9,91 +/- 5%,-,6,4,0,2,yes,-,-,-,-,auacauaaucauguggcuagcc,cuagccacaugauuauguauugu,auacauaaucauguggcuagccuuacaaggcuagccacaugauuauguauugu,chr11:11519583..11519636:-
chr8_11499,4.9,91 +/- 5%,-,7,4,0,3,yes,-,-,-,-,cccuguacaguuugauaucu,gauaucaaacugugcaggagu,cccuguacaguuugauaucuucaaguuaaguacgauaucaaacugugcaggagu,chr8:13179771..13179825:-
chr11_14706,4.9,91 +/- 5%,-,6,4,0,2,yes,-,-,-,-,auacauaaucauguggcuagcc,cuagccacaugauuauguauugu,auacauaaucauguggcuagccuuguaaggcuagccacaugauuauguauugu,chr11:11519586..11519639:+
chr2_2433,4.5,91 +/- 5%,-,7,4,0,3,yes,-,-,-,-,aaacuuggcacaacauuuuuaua,uaaaaguguuuugccaaguucuu,aaacuuggcacaacauuuuuauaauuauuauaaaaguguuuugccaaguucuu,chr2:10330014..10330067:-
chr8_11436,4.5,91 +/- 5%,-,5,3,0,2,yes,-,-,-,-,guuuuuccgcguaggguccagg,ugggcccuacuggaagaacc,ugggcccuacuggaagaacccguuaggguuuuuccgcguaggguccagg,chr8:10857943..10857992:-
chr5_6801,3.3,91 +/- 4%,-,6,5,0,1,yes,-,-,-,-,agaacuugcuaaacugaacuacc,aguuaaguucaucaaguucuuu,aguuaaguucaucaaguucuuuuuuugagaaagaacuugcuaaacugaacuacc,chr5:32676490..32676544:+
chr3_3035,3.3,91 +/- 4%,-,387,387,0,0,yes,-,-,-,-,ucacuugacucugaggauggcu,cuaucuucagagucaagugauc,cuaucuucagagucaagugaucgauuuuuugauaucacgaaaaucgaucacuugacucugaggauggcu,chr3:5924030..5924099:+
chr1_1561,3,91 +/- 4%,-,25,24,0,1,yes,-,-,-,-,auauauuuuugcaacugauacug,aucaguugcaaaaauauaucagc,auauauuuuugcaacugauacugaucaucaguaucaguugcaaaaauauaucagc,chr1:30793558..30793613:-
chr1_762,3,91 +/- 4%,-,25,24,0,1,yes,-,-,-,-,auauauuuuugcaacugauacug,aucaguugcaaaaauauaucagc,auauauuuuugcaacugauacugaugaucaguaucaguugcaaaaauauaucagc,chr1:30793562..30793617:+
chr11_15769,3,91 +/- 4%,-,1655,1655,0,0,yes,-,-,-,-,aagucucaaaccucggucuacc,aaggccucaguuugagauuuuc,aagucucaaaccucggucuaccguauugaccuugcuaucgcucggucaauacggcaaggccucaguuugagauuuuc,chr11:20138729..20138806:-
chr2_1845,2.9,94 +/- 3%,-,15,15,0,0,yes,-,-,-,-,uuucauuggggaaagagcccug,gggcuuuuucccuuaggaaaug,gggcuuuuucccuuaggaaaugcucuucccauuucauuggggaaagagcccug,chr2:15223824..15223877:+
chr9_12590,2.9,94 +/- 3%,-,97,97,0,0,yes,-,-,-,-,uccuagcgggccauagguucacu,ugaaccuauggcccacuagggca,ugaaccuauggcccacuagggcaauaauuguccuagcgggccauagguucacu,chr9:18916402..18916455:-
chr12_16162,2.8,94 +/- 3%,-,3762,3762,0,0,yes,-,-,-,-,aaaucucaaaccucggucuacc,aaggccucaguuugagauuuuuu,aaaucucaaaccucggucuaccguauugaccucgcuaucgcuuggucaauacggcaaggccucaguuugagauuuuuu,chr12:13804690..13804768:+
chr2_1740,2.8,94 +/- 3%,-,21,21,0,0,yes,-,-,-,-,caucggaaacacgucaugucg,acaugucgugcuuccgauguc,caucggaaacacgucaugucggaagcacgacaugucgugcuuccgauguc,chr2:6528803..6528853:+
chr10_14194,2.7,94 +/- 3%,-,31,31,0,0,yes,-,-,-,-,cgugacaucccgaagacagcug,gcagucuucggaugucacgca,gcagucuucggaugucacgcaacguucguugcgugacaucccgaagacagcug,chr10:15535662..15535715:-
chr10_14153,2.7,94 +/- 3%,-,3762,3762,0,0,yes,-,-,-,-,aaaucucaaaccucggucuacc,aaggccucaguuugagauuuuc,aaaucucaaaccucggucuaccguauugacaucgcuuucguucgguuaauacggcaaggccucaguuugagauuuuc,chr10:11678448..11678525:-
chr3_3850,2.7,94 +/- 3%,-,70,70,0,0,yes,-,-,-,-,uaacuguggagaaagugcuacc,uagcacuuucuccacaguuauu,uagcacuuucuccacaguuauuguuaauaacuguggagaaagugcuacc,chr3:17968460..17968509:-
chr11_15055,2.6,94 +/- 3%,-,53,53,0,0,yes,-,-,-,-,agaaaaauagucaugcuacacg,uguagcauggcuauuuuuccca,uguagcauggcuauuuuucccauuaauaagaaaaauagucaugcuacacg,chr11:19097873..19097923:+
chr3_3341,2.6,94 +/- 3%,-,70,70,0,0,yes,-,-,-,-,uaacuguggagaaagugcuacc,uagcacuuucuccacaguuauu,uagcacuuucuccacaguuauuaacaauaacuguggagaaagugcuacc,chr3:17968462..17968511:+
chr2_1747,2.6,94 +/- 3%,-,29,29,0,0,yes,-,-,-,-,uaggucccuuccuuuugacugcg,cagucaaaacguaggggccuggc,cagucaaaacguaggggccuggcgacuagaggguaggucccuuccuuuugacugcg,chr2:7044382..7044438:+
chr6_8767,2.6,94 +/- 3%,-,28,28,0,0,yes,-,-,-,-,ccgcaugggcuauugacucaga,uaaaucaauaguccaugaggcc,uaaaucaauaguccaugaggccgaaggccgcaugggcuauugacucaga,chr6:23997847..23997896:+
chr10_13389,2.6,94 +/- 3%,-,46,46,0,0,yes,-,-,-,-,ucagguggcucugaacccuucc,uaggguucagagccaccuuaaa,uaggguucagagccaccuuaaaucuucgaaacuuucagguggcucugaacccuucc,chr10:19888152..19888208:+
chr4_4007,2.5,94 +/- 3%,-,24,24,0,0,yes,-,-,-,-,uucucuuuaaccgcuuugcgac,cgcgaagccgcgagagagaaaa,cgcgaagccgcgagagagaaaaauccuuuuucucuuuaaccgcuuugcgac,chr4:989206..989257:+
chr5_6648,2.5,94 +/- 3%,-,66,66,0,0,yes,-,-,-,-,cugagcaucccaaaaaucaagug,cuugauuuuugggaauauaugcgcaguu,cugagcaucccaaaaaucaagugauaucacuugauuuuugggaauauaugcgcaguu,chr5:26113624..26113681:+
chr6_9485,2.5,94 +/- 3%,-,41,41,0,0,yes,-,-,-,-,uuuacauuuuuauggaccu,guccauaaaaacgcaaaaa,uuuacauuuuuauggaccucggcuucgucucgguccauaaaaacgcaaaaa,chr6:32011724..32011775:-
chr5_8173,2.5,94 +/- 3%,-,33,33,0,0,yes,-,-,-,-,uauguaguaacgagaaaggccug,ggccucucucguuacuacauaac,uauguaguaacgagaaaggccuguaaaucuugucaggccucucucguuacuacauaac,chr5:32214746..32214804:-
chr10_13657,2.4,94 +/- 3%,-,85,85,0,0,yes,-,-,-,-,uuuacauuuuuauggaccucga,ucgguccauaaaaacgcaaaaa,uuuacauuuuuauggaccucgacuucgucucgguccauaaaaacgcaaaaa,chr10:810610..810661:-
chr13_17963,2.4,94 +/- 3%,-,28,28,0,0,yes,-,-,-,-,ccgcaugggcuauugacucaga,ugcaucaauagucgauucggcc,ugcaucaauagucgauucggccaucggccgcaugggcuauugacucaga,chr13:8578905..8578954:+
chr11_15731,2.4,94 +/- 3%,-,26,26,0,0,yes,-,-,-,-,uuuacauuuuuauggaccu,guccauaaaaaugcaaaaa,uuuacauuuuuauggaccuugacuuuguccauaaaaaugcaaaaa,chr11:16861377..16861422:-
chr11_15059,2.4,94 +/- 3%,-,53,53,0,0,yes,-,-,-,-,agaaaaauagucaugcuacacg,uguagcaugacuauuuuuacca,uguagcaugacuauuuuuaccauuaauaagaaaaauagucaugcuacacg,chr11:19130467..19130517:+
chr9_12290,2.4,94 +/- 3%,-,32,32,0,0,yes,-,-,-,-,gucauuucucucuaccaacacu,uguugguagagagaaauaacaa,uguugguagagagaaauaacaaaauaauaacaaaaauuuugucauuucucucuaccaacacu,chr9:3427258..3427320:-
chr8_11549,2.4,94 +/- 3%,-,85,85,0,0,yes,-,-,-,-,uuuacauuuuuauggaccucga,ucgguccauaaaaacccaaaaa,uuuacauuuuuauggaccucgacuucgucucgguccauaaaaacccaaaaa,chr8:14357308..14357359:-
chr6_9282,2.4,94 +/- 3%,-,696,696,0,0,yes,-,-,-,-,uuuuuuggcagagaggaacuuc,gguuucucuuugccaacaaaua,gguuucucuuugccaacaaauaacauuguaauuuuuuggcagagaggaacuuc,chr6:16840308..16840361:-
chr9_12168,2.3,94 +/- 3%,-,380,380,0,0,yes,-,-,-,-,uaugaggugacaguggaugaggc,cucauuaacuaucaccucauaga,uaugaggugacaguggaugaggcugcaggccucauuaacuaucaccucauaga,chr9:23470553..23470606:+
sc072_23512,2.3,94 +/- 3%,-,31,28,0,3,yes,-,-,-,-,ccgcaugggcuauugacucaga,ucugagucaauagcgcauucag,ucugagucaauagcgcauucagccuucggccgcaugggcuauugacucaga,sc072:202722..202773:-
chr8_11810,2.3,94 +/- 3%,-,12,12,0,0,yes,-,-,-,-,uuggcaguuucucaucgagua,cuugaugagaaagugucaaua,cuugaugagaaagugucaauaguuguuauuggcaguuucucaucgagua,chr8:28137784..28137833:-
chr6_8884,2.3,94 +/- 3%,-,11,11,0,0,yes,-,-,-,-,accucacgggcuauugacucaga,ugaguuaauagcccaugaggccg,ugaguuaauagcccaugaggccgaauaugcaccucacgggcuauugacucaga,chr6:2508684..2508737:-
chr2_1814,2.3,94 +/- 3%,-,44,44,0,0,yes,-,-,-,-,ucuagacuguauuuucaacacugc,aguguugaaaauacagucuaguaa,ucuagacuguauuuucaacacugcuaugcaguguugaaaauacagucuaguaa,chr2:12260280..12260333:+
chr5_8101,2.3,94 +/- 3%,-,103,103,0,0,yes,-,-,-,-,uaacauauuugugggacaacaua,uguugucccacaaauauuucacg,uaacauauuugugggacaacauaauuuauguugucccacaaauauuucacg,chr5:29096627..29096678:-
chr1_627,2.3,94 +/- 3%,-,14,14,0,0,yes,-,-,-,-,cucggaaaaguguucgcuucuc,gaagcucacaguuuucggccucgag,gaagcucacaguuuucggccucgagcuucgcucucggaaaaguguucgcuucuc,chr1:22305200..22305254:+
chr4_5375,2.3,94 +/- 3%,-,71,64,0,7,yes,-,-,-,-,uucgagugucagcuggucgucga,ucgacgaagggcuaaugcu,uucgagugucagcuggucgucgauuuacuucgacgaagggcuaaugcu,chr4:17977807..17977855:-
chr5_8142,2.3,94 +/- 3%,-,22,22,0,0,yes,-,-,-,-,cucuggucauggauugaagugg,acuucaauucauggcccacaug,acuucaauucauggcccacaugcaaagcacucuggucauggauugaagugg,chr5:30620172..30620223:-
chr4_4421,2.3,94 +/- 3%,-,11,11,0,0,yes,-,-,-,-,uuuaacgcccguuugccacugg,aguggccaacggguguuaaagg,aguggccaacggguguuaaaggguugacccuuuaacgcccguuugccacugg,chr4:14144647..14144699:+
chr4_4790,2.2,94 +/- 3%,-,14,14,0,0,yes,-,-,-,-,uaaucggacagaucaaaucgga,cgauuuggccugucugauuuca,cgauuuggccugucugauuucaaguuuucguaaucggacagaucaaaucgga,chr4:5598900..5598952:-
chr13_18699,2.2,94 +/- 3%,-,307,300,0,7,yes,-,-,-,-,ccucaugggcuauugacucaga,ucuaagucauuagcucauucggc,ucuaagucauuagcucauucggccuucggccucaugggcuauugacucaga,chr13:11787619..11787670:-
chr2_2463,2.2,94 +/- 3%,-,9428,9428,0,0,yes,-,-,-,-,ucugaagauuccagucaccggc,uggugccuggaaucuacaguuc,ucugaagauuccagucaccggcaucugacuggugccuggaaucuacaguuc,chr2:11096369..11096420:-
chr6_9326,2.2,94 +/- 3%,-,191,189,0,2,yes,-,-,-,-,uuuucaaucucauucucccagu,ugggaugaugagacugaaaaa,ugggaugaugagacugaaaaagacguuaaacuucuuuucaaucucauucucccagu,chr6:18399802..18399858:-
chr2_2459,2.2,94 +/- 3%,-,634,634,0,0,yes,-,-,-,-,ucugaagauuccagucuccggu,cgaugaguggaaucuacaguuc,ucugaagauuccagucuccgguaugugaccgaugaguggaaucuacaguuc,chr2:11095927..11095978:-
chr6_8777,2.1,94 +/- 3%,-,24,24,0,0,yes,-,-,-,-,aaaauuacgcguuucugagcuca,aguuucgaaacgcgaaauuuugc,aguuucgaaacgcgaaauuuugcuuaacucaaaauuacgcguuucugagcuca,chr6:24399039..24399092:+
chr13_18755,2.1,94 +/- 3%,-,627,627,0,0,yes,-,-,-,-,auuucgagcguugacucuugcu,gaagagccaacgcucgaagcau,auuucgagcguugacucuugcucauuuacuagacgaagagccaacgcucgaagcau,chr13:16646108..16646164:-
chr1_1564,2,94 +/- 3%,-,42,42,0,0,yes,-,-,-,-,uuucaggcccuucucgcuacuacu,uuguggugagaaaggccagaaaaa,uuguggugagaaaggccagaaaaauucagaaaauuucaggcccuucucgcuacuacu,chr1:30794134..30794191:-
chr1_890,2,94 +/- 3%,-,13,13,0,0,yes,-,-,-,-,auucuuuucucuucuaauucacc,ugaguuagaggagaggagaguau,ugaguuagaggagaggagaguauuauuuuuaauauucuuuucucuucuaauucacc,chr1:5272448..5272504:-
chr3_3405,2,94 +/- 3%,-,353,353,0,0,yes,-,-,-,-,uucuuacucccucucguacuau,aguacgagggaaauauagaagu,aguacgagggaaauauagaaguuuuagauuucuuacucccucucguacuau,chr3:22216973..22217024:+
chr13_18394,1.9,92 +/- 3%,-,26,21,0,5,yes,-,-,-,-,uuuaagaugguucugaaaucacu,aguucagagccaccuuaaauuu,aguucagagccaccuuaaauuugugaaaauuuaagaugguucugaaaucacu,chr13:2253736..2253788:-
chr14_21061,1.9,92 +/- 3%,-,30,30,0,0,yes,-,-,-,-,ugaacggcuguuguuucggg,aggaagagcagcaggggcaga,ugaacggcuguuguuucgggaaggcuaggaagagcagcaggggcaga,chr14:15067395..15067442:-
chr9_12511,1.8,92 +/- 3%,-,94,94,0,0,yes,-,-,-,-,uuaccacauucaggauag,agccugaaugugguaaua,uuaccacauucaggauagacaaguucuauaucuagccugaaugugguaaua,chr9:15059473..15059524:-
chr1_738,1.8,92 +/- 3%,-,215,200,0,15,yes,-,-,-,-,uuggguauuggucagaucuuguc,ccuguucugaccaauagcaauugc,uuggguauuggucagaucuugucguucugacgggccuguucugaccaauagcaauugc,chr1:28995412..28995470:+
chr2_2453,1.8,92 +/- 3%,-,9428,9428,0,0,yes,-,-,-,-,ucugaagauuccagucaccggc,ugccuggaaucuacaguuc,ucugaagauuccagucaccggcaucugacugcugccuggaaucuacaguuc,chr2:11091696..11091747:-
chr5_8115,1.8,92 +/- 3%,-,117,117,0,0,yes,-,-,-,-,aacuucaauucauggcccu,ggucauaaauugaaguaga,aacuucaauucauggcccucaugcuuugcacccaggucauaaauugaaguaga,chr5:29413647..29413700:-
chr1_775,1.8,92 +/- 3%,-,41,41,0,0,yes,-,-,-,-,uacaacuggaguucuuucaggcu,cgugaaaaagcuccagcugcaag,cgugaaaaagcuccagcugcaaguucaacuuacaacuggaguucuuucaggcu,chr1:32075703..32075756:+
chr9_12701,1.8,92 +/- 3%,-,14,14,0,0,yes,-,-,-,-,ugaacaaguccauaaggaagaacu,uuaugccuuauugacuagucauu,ugaacaaguccauaaggaagaacuuaaaguuaugccuuauugacuagucauu,chr9:26946546..26946598:-
chr2_2519,1.8,92 +/- 3%,-,69,69,0,0,yes,-,-,-,-,uaguuuacaggcucaacuuugcu,gggaguugaucuuguaaacuuuu,uaguuuacaggcucaacuuugcuuuaaagggaguugaucuuguaaacuuuu,chr2:15785305..15785356:-
chr9_11872,1.7,92 +/- 3%,-,13,13,0,0,yes,-,-,-,-,uggccucgucugcaugcag,ucaaccaugacaacagcucua,uggccucgucugcaugcagccuuaagcaaaagaagcuuugcuugcaggcucaaccaugacaacagcucua,chr9:4649153..4649223:+
chr3_3407,1.7,92 +/- 3%,-,211,211,0,0,yes,-,-,-,-,uucuuacucccucucguaccauu,caguacgagagaaaauaagaagu,caguacgagagaaaauaagaaguuuuagauuucuuacucccucucguaccauu,chr3:22217416..22217469:+
chr9_12344,1.7,92 +/- 3%,-,16,16,0,0,yes,-,-,-,-,uuuccauguuguuaaccuuuuu,aaggguuauuaacagggacauagu,aaggguuauuaacagggacauagucuuuggcuuuccauguuguuaaccuuuuu,chr9:7927823..7927876:-
chr6_8274,1.7,92 +/- 3%,-,14,14,0,0,yes,-,-,-,-,cuuugcauuuuuauggaccu,guccauaaaaacgcaaaaag,cuuugcauuuuuauggaccucagcuuugucuccguccauaaaaacgcaaaaag,chr6:6774428..6774481:+
chr2_2439,1.6,92 +/- 3%,-,9,9,0,0,yes,-,-,-,-,uuaggaaaaacugugcccgagg,gagggcauaguuuuuccaaua,uuaggaaaaacugugcccgaggucuuggauacucaagguacuuggguacucaagacagagggcauaguuuuuccaaua,chr2:10515947..10516025:-
chr14_20035,1.5,92 +/- 3%,-,15,15,0,0,yes,-,-,-,-,aggguugugggacgggaccu,acuccguacccuacucuuc,acuccguacccuacucuucacgaauaauguguggguucuuaaacgucccacagucauuuacuaacgaggguugugggacgggaccu,chr14:19677670..19677756:+
chr5_6651,1.5,92 +/- 3%,-,223,223,0,0,yes,-,-,-,-,auuucugauuugguguaaagu,aguacagcaaaucaaaaauua,aguacagcaaaucaaaaauuauuauuauuuuaauuucugauuugguguaaagu,chr5:26120169..26120222:+
chr7_10540,1.5,92 +/- 3%,-,400,400,0,0,yes,-,-,-,-,uccaauuuuauauccagacaag,agccuggauauaaauuuggugu,agccuggauauaaauuugguguguuaagcaauuccaauuuuauauccagacaag,chr7:27163441..27163495:-
chr10_13170,1.4,92 +/- 3%,-,271,271,0,0,yes,-,-,-,-,uaaacaagaaaucugauuggcu,ccaaucccguuucuuguuucga,uaaacaagaaaucugauuggcugagccaaucccguuucuuguuucga,chr10:6547835..6547882:+
chr13_18751,1.4,92 +/- 3%,-,627,627,0,0,yes,-,-,-,-,auuucgagcguugacucuugcu,gaaaagccaacgcucgaagcau,auuucgagcguugacucuugcucauuuaaaggacgaaaagccaacgcucgaagcau,chr13:16645690..16645746:-
chr7_9585,1.4,92 +/- 3%,-,35,35,0,0,yes,-,-,-,-,uuccuauuccauucuuguucuc,gauaagaauacaauaggaaua,gauaagaauacaauaggaauaauuccuaauuccuauuccauucuuguucuc,chr7:7492489..7492540:+
chr13_18753,1.4,92 +/- 3%,-,627,627,0,0,yes,-,-,-,-,auuucgagcguugacucuugcu,gaaaagccaacgcucgaagcau,auuucgagcguugacucuugcucauuuaaaggacgaaaagccaacgcucgaagcau,chr13:16645899..16645955:-
chr5_5981,1.4,92 +/- 3%,-,25,25,0,0,yes,-,-,-,-,uucccugcaaguuugaaag,ccuccacuuguaugaaagggaaau,ccuccacuuguaugaaagggaaauccucuauacagguacgaucauugaaaccaggcgagauuucccugcaaguuugaaag,chr5:9873711..9873791:+
chr5_7907,1.3,92 +/- 3%,-,10,10,0,0,yes,-,-,-,-,uuuguuuuuucauacccucaac,cgaggguaagaaaaaacaaaac,uuuguuuuuucauacccucaacuuaagucgaggguaagaaaaaacaaaac,chr5:19760849..19760899:-
chr13_18006,1.3,92 +/- 3%,-,10,10,0,0,yes,-,-,-,-,aagucuucugccaagugcguc,cgcacuugaaagaagacguua,aagucuucugccaagugcgucuuugagacgcacuugaaagaagacguua,chr13:13501313..13501362:+
chr8_11338,1.2,92 +/- 3%,-,11,11,0,0,yes,-,-,-,-,auuguuauuauuucuguccagu,uugauagaaaugauaacaauua,uugauagaaaugauaacaauuaauucuaauaauuguuauuauuucuguccagu,chr8:7891578..7891631:-
chr9_12231,1.2,92 +/- 3%,-,1367,1367,0,0,yes,-,-,-,-,ucuuccuuauggacuuguucauu,ugacuagucaauaaggcauaac,ugacuagucaauaaggcauaacuuuaaguucuuccuuauggacuuguucauu,chr9:26946548..26946600:+
chr8_11331,1.2,92 +/- 3%,-,9,9,0,0,yes,-,-,-,-,uuaggaaaaacugugcccgagg,gagggcacaguuuuucccaaua,uuaggaaaaacugugcccgaggucucgagacagagggcacaguuuuucccaaua,chr8:7598809..7598863:-
chr8_10916,1.2,92 +/- 3%,-,37,35,2,0,yes,-,-,-,-,gaccucuaugaagcugacu,uuggcuucauugggaucaa,gaccucuaugaagcugacuggaccucuaaaaucaguucaagauccuuggcuucauugggaucaa,chr8:14127384..14127448:+
chr3_3566,1.1,92 +/- 3%,-,415,415,0,0,yes,-,-,-,-,ucugaagauuucagucaccggu,cggucacugcaaucuacaguuu,ucugaagauuucagucaccggugucugaccggucacugcaaucuacaguuu,chr3:8876498..8876549:-
chr5_8191,1.1,92 +/- 3%,-,16,16,0,0,yes,-,-,-,-,aguuucuuuucuuuguucuggua,ccaaaacaaacaaaggaaauaa,aguuucuuuucuuuguucugguacaaauugguuaccaaaacaaacaaaggaaauaa,chr5:32903567..32903623:-
chr14_21086,1.1,92 +/- 3%,-,134,134,0,0,yes,-,-,-,-,uuccugaaagcucuugugaauauu,aaugcgcaagagcagucaagacug,aaugcgcaagagcagucaagacuguuuauucauuccugaaagcucuugugaauauu,chr14:15312342..15312398:-
chr14_19148,1,92 +/- 3%,-,13,12,1,0,yes,-,-,-,-,ucgggcucacagaaacaccu,gagucucagaaaggccggca,ucgggcucacagaaacaccuuaacaccacaugccagacaaauggcaaagucaaggcaugugggaggagucucagaaaggccggca,chr14:9510773..9510858:+
chr3_3218,1,92 +/- 3%,-,13,12,1,0,yes,-,-,-,-,ucgggcucacagaaacaccu,gagucucagaaaggccggca,ucgggcucacagaaacaccuuaacaccacaugccagacaaauggcaaagucaaggcaugugggaggagucucagaaaggccggca,chr3:13172380..13172465:+
chr8_10877,1,92 +/- 3%,-,9,9,0,0,yes,-,-,-,-,aucgcuaaauuaucgcagaag,ucugcgauaauuuagcgauua,ucugcgauaauuuagcgauuauuaaaauaaucgcuaaauuaucgcagaag,chr8:12448674..12448724:+
chr12_16194,1,92 +/- 3%,-,13,12,1,0,yes,-,-,-,-,ucgggcucacagaaacaccu,gagucucagaaaggccggca,ucgggcucacagaaacaccuuaacaccacaugccagacaaauggcaaagucaaggcaugugggaggagucucagaaaggccggca,chr12:14364747..14364832:+
chr2_2227,0.9,81 +/- 3%,-,12,12,0,0,yes,-,-,-,-,uggggagagaguuugugac,uaaaaacucuucgcauc,uaaaaacucuucgcaucuacgguggggagagaguuugugac,chr2:23350551..23350592:+
chr5_6879,0.9,81 +/- 3%,-,3762,3762,0,0,yes,-,-,-,-,aaaucucaaaccucggucuacc,aaggccucaguuugacauuuuc,aaaucucaaaccucggucuaccauauuaaccucgcuaucggucugucaacacgggaaggccucaguuugacauuuuc,chr5:4143321..4143398:-
chr6_9043,0.9,81 +/- 3%,-,28,28,0,0,yes,-,-,-,-,uguccaaaacucuaauaaugucccu,ggacauuauaagaauuuugacaaa,uguccaaaacucuaauaaugucccucuaaagucuugggacauuauaagaauuuugacaaa,chr6:10596673..10596733:-
chr3_3511,0.9,81 +/- 3%,-,42,42,0,0,yes,-,-,-,-,cgaaaggcucauuacauc,ggugauggucuacuugag,cgaaaggcucauuacaucgauaucggugauggucuacuugag,chr3:5226755..5226797:-
chr12_17276,0.9,81 +/- 3%,-,17,17,0,0,yes,-,-,-,-,ccggcucccucucaaacuac,aguuggaggaaaaagguu,aguuggaggaaaaagguuguccguuaaccggcucccucucaaacuac,chr12:22486458..22486505:-
chr1_1560,0.8,81 +/- 3%,-,8,7,0,1,yes,-,-,-,-,uuaccuuccuuuuuauggggc,auaaaaaggaaagguaggcguau,auaaaaaggaaagguaggcguauauacuuaccuuccuuuuuauggggc,chr1:30768524..30768572:-
chr5_8036,0.7,81 +/- 3%,-,91,91,0,0,yes,-,-,-,-,uuuuuguucuaguaugugcuacg,uggcuuauacuaaaacaaauaua,uggcuuauacuaaaacaaauauauuaaaccauuauuuuuguucuaguaugugcuacg,chr5:26983181..26983238:-
chr3_3476,0.7,81 +/- 3%,-,74,74,0,0,yes,-,-,-,-,uucaccacaagaagagagacu,uuucccuucugguguugaaaa,uuucccuucugguguugaaaaaauauuuuucaccacaagaagagagacu,chr3:1629232..1629281:-
chr3_3411,0.7,81 +/- 3%,-,306,306,0,0,yes,-,-,-,-,uucuuacucccucucguaccauc,cgguacaagaggaaauacagaagu,cgguacaagaggaaauacagaaguuuuagauuucuuacucccucucguaccauc,chr3:22217983..22218037:+
chr9_12680,0.6,81 +/- 3%,-,8,8,0,0,yes,-,-,-,-,auacucgggagaguucgguuga,aaccgaacucugucgaguucuc,aaccgaacucugucgaguucuccgacaagaauacucgggagaguucgguuga,chr9:24568967..24569019:-
chr12_16145,0.5,81 +/- 3%,-,30,30,0,0,yes,-,-,-,-,uuuaaugguuagggcuca,aguccuaacuauuaaaau,aguccuaacuauuaaaauauuuauugcuuuaaugguuagggcuca,chr12:12707820..12707865:+
chr12_16057,0.5,81 +/- 3%,-,48,24,24,0,yes,-,-,-,-,ucguagcucaguugguua,acucaacaugagcccaacaaau,acucaacaugagcccaacaaauugaccagcucucaacugugugacuucguagcucaguugguua,chr12:6480873..6480937:+
chr3_3936,0.3,81 +/- 3%,-,7,7,0,0,yes,-,-,-,-,uugacaucccgaaagacg,gcuuucgggaugucacgc,gcuuucgggaugucacgcaaugcuccccguugacaucccgaaagacg,chr3:22770977..22771024:-
chr5_6759,0.3,81 +/- 3%,-,7,7,0,0,yes,-,-,-,-,gucaugugugacuugugcaug,ugcacaagucacacaugacgu,ugcacaagucacacaugacguuuggucaugugugacuugugcaug,chr5:32079135..32079180:+
chr8_11482,0.2,81 +/- 3%,-,7,7,0,0,yes,-,-,-,-,aucgcuaaauuaucgcagaag,ucugcgauaauuuagcgauua,ucugcgauaauuuagcgauuauuuuaauaaucgcuaaauuaucgcagaag,chr8:12448672..12448722:-
chr13_17613,0.2,81 +/- 3%,-,14,14,0,0,yes,-,-,-,-,uaucacccaguugcagac,uaguaauugaggugacuuu,uaguaauugaggugacuuucacugcccuccgagugcauaucacccaguugcagac,chr13:2100596..2100651:+
chr5_6649,0.1,81 +/- 3%,-,8,8,0,0,yes,-,-,-,-,uauuucugauuuggcauca,auagcaaaucaaaaauaaa,auagcaaaucaaaaauaaauauuuuuauuucugauuuggcauca,chr5:26119896..26119940:+
chr3_3463,0.1,81 +/- 3%,-,9,9,0,0,yes,-,-,-,-,uucccgagccucauuuuccuuua,gagggaaauaagccuagggaacg,uucccgagccucauuuuccuuuauuuaguugagggaaauaagccuagggaacg,chr3:1150866..1150919:-
chr11_14890,0.1,81 +/- 3%,-,37,35,2,0,yes,-,-,-,-,gaccucuaugaagcugacu,uuggcuucauugcuaucaa,gaccucuaugaagcugacuggaccucuaaaaucaguucaagauccuuggcuucauugcuaucaa,chr11:13974968..13975032:+
chr13_18718,0,81 +/- 3%,-,7,7,0,0,yes,-,-,-,-,aucaugacagguggugaucuaag,aagaucaccacuugccauggugu,aagaucaccacuugccaugguguagccugcuuucaucaugacagguggugaucuaag,chr13:13810933..13810990:-
chr5_6698,0,81 +/- 3%,-,95,95,0,0,yes,-,-,-,-,aacuucaauucauggcccu,ggccauaaauugaagugga,aacuucaauucauggcccuuccuugggguuugcauucaggccauaaauugaagugga,chr5:28085822..28085879:+
chr13_18620,0,81 +/- 3%,-,6,6,0,0,yes,-,-,-,-,uuuccaucacaacugcuaaacc,uuuagcagugaugauggaaaca,uuuagcagugaugauggaaacaaauauuauuuguuuccaucacaacugcuaaacc,chr13:6446683..6446738:-
chr3_3053,0,81 +/- 3%,-,8,8,0,0,yes,-,-,-,-,uuuuagccugauuaucgcuuacu,ugagggaucaucagacaaaaauu,ugagggaucaucagacaaaaauugcagcaauuuuagccugauuaucgcuuacu,chr3:7025415..7025468:+
chr2_2452,0,81 +/- 3%,-,18101,18101,0,0,yes,-,-,-,-,ucugaagauuccagucaccagu,acgugacccuuucaucagaag,acgugacccuuucaucagaagcaucgaucugaagauuccagucaccagu,chr2:11091249..11091298:-